Case_Number,Project_tech_ID,YK,Project_name,Business_names,Protype_names,Hardware_names,Duration,Size_ep99_proj,Worksup,SituCoeff,T01,T02,T03,T04,T05,T06,T07,T08,T09,T10,T11,T12,T13,T14,T15,T16,T17,T18,T19,T20,T21,InpTot,InpFP,InqTot,InqFP,OutTot,OutFP,IntTot,IntFP,EntTot,EntFP,AlgTot,AlgFP,AllTot,AllFP_ep20
1,3474,H,PN100,W,N,M,7,290,2466,52,2,3,4,3,3,3,4,3,4,4,3,5,3,4,5,4,3,3,3,3,4,32,109,4,10,16,75,9,64,5,22,0,0,66,280
2,4144,H,PN101,W,N,M,6,328,2210,58,2,3,4,3,3,3,4,3,4,4,2,5,2,4,5,4,3,3,3,3,4,16,49,12,44,24,114,11,83,5,27,0,0,68,317
3,4254,H,PN102,W,N,M,3,150,531,64,1,3,4,3,3,3,4,3,4,4,4,5,3,4,5,4,3,1,3,3,4,7,22,7,19,6,25,9,51,5,22,0,0,34,139
4,4304,H,PN103,W,N,M,6,74,341,37,4,3,4,3,3,3,4,3,4,4,5,5,3,4,5,4,3,3,4,3,4,1,3,1,1,8,27,6,36,1,5,0,0,17,72
5,1346,C,PN104,C,N,C,8,149,682,45,4,5,4,3,2,3,3,5,3,3,2,5,4,3,3,2,4,4,4,4,4,10,28,5,14,0,0,2,10,1,5,0,0,18,57
6,1345,C,PN104,C,N,C,8,149,682,45,4,5,4,3,2,3,3,5,3,3,2,5,4,3,3,2,4,4,4,4,4,9,37,12,17,2,12,3,17,2,9,0,0,28,92
7,1785,C,PN105,C,N,C,35,349,579,141,1,3,2,4,2,3,3,3,2,2,5,3,3,2,3,3,2,2,4,2,3,4,12,21,78,5,16,14,44,11,84,5,15,60,249
8,1786,C,PN105,C,N,C,35,349,579,141,1,3,2,4,2,3,3,3,2,2,5,3,3,2,3,3,2,2,4,2,3,3,16,0,0,0,0,3,19,7,65,0,0,13,100
9,4826,C,PN106,C,D,C,5,70,457,73,4,3,3,3,3,3,3,3,3,3,3,3,3,3,3,3,4,4,4,3,3,4,15,3,8,0,0,3,15,0,0,0,0,10,38
10,4825,C,PN106,C,D,C,5,70,457,73,4,3,3,3,3,3,3,3,3,3,3,3,3,3,3,3,4,4,4,3,3,2,12,1,6,0,0,2,14,0,0,0,0,5,32
11,2664,AB,PN107,P,N,N,27,2327,18520,157,5,4,5,3,3,1,5,5,1,1,1,1,5,1,2,3,2,1,2,3,2,106,478,6,22,18,126,0,0,148,1130,10,53,288,1809
12,1704,F,PN108,I,N,M,17,692,9143,149,3,4,3,3,3,4,3,3,1,1,2,3,5,3,3,4,3,1,1,3,3,51,189,55,154,9,73,1,2,22,152,13,15,151,585
13,2044,F,PN109,I,N,M,43,2013,4284,147,3,4,2,3,3,4,3,3,1,1,1,2,4,3,3,3,3,3,3,3,3,87,595,48,196,19,136,5,53,42,474,117,349,318,1803
14,2134,F,PN110,I,N,N,6,193,608,71,1,4,4,3,3,5,1,4,3,3,5,5,5,4,3,3,3,1,1,3,5,11,39,18,71,4,18,1,5,6,40,1,3,41,176
15,1864,A,PN111,B,N,M,15,104,1454,105,2,3,2,3,3,2,3,4,2,3,3,5,2,4,3,2,3,3,4,3,3,12,48,0,0,3,21,2,18,2,4,5,13,24,104
16,1886,A,PN112,B,N,C,12,262,4161,183,3,2,2,3,3,3,2,3,1,2,3,5,3,2,2,2,3,3,3,2,3,17,58,0,0,4,21,11,89,7,37,1,1,40,206
17,1885,A,PN112,B,N,C,12,262,4161,183,3,2,2,3,3,3,2,3,1,2,3,5,3,2,2,2,3,3,3,2,3,3,11,1,1,0,0,3,24,4,20,0,0,11,56
18,1904,A,PN113,B,D,M,5,321,420,39,4,2,5,4,3,4,5,4,3,3,5,3,2,3,5,5,2,3,3,3,4,23,86,0,0,10,20,30,150,13,65,0,0,76,321
19,1974,A,PN114,B,D,M,5,40,257,127,2,2,2,3,3,3,2,3,2,3,3,5,5,3,2,3,2,4,2,3,4,6,22,0,0,0,0,1,5,1,13,0,0,8,40
20,2076,A,PN115,B,N,C,23,406,5486,142,3,2,3,2,3,4,3,3,2,3,2,4,3,3,3,2,3,3,2,3,3,9,48,1,1,8,52,9,84,2,20,1,3,30,208
21,2075,A,PN115,B,N,C,23,406,5486,142,3,2,3,2,3,4,3,3,2,3,2,4,3,3,3,2,3,3,2,3,3,10,39,9,33,3,29,12,78,2,20,0,0,36,199
22,2085,A,PN116,B,O,C,10,107,1096,102,4,3,1,3,3,3,3,3,3,2,3,3,3,3,3,2,3,4,4,3,4,4,10,0,0,2,9,14,72,1,7,1,3,22,101
23,2086,A,PN116,B,O,C,10,107,1096,102,4,3,1,3,3,3,3,3,3,2,3,3,3,3,3,2,3,4,4,3,4,1,3,1,3,0,0,0,0,0,0,0,0,2,6
24,2214,A,PN117,B,N,P,8,316,1520,92,3,3,4,3,2,1,3,4,3,3,4,4,4,3,3,3,3,3,2,1,4,10,31,3,11,10,38,12,118,9,117,3,3,47,318
25,2304,A,PN118,B,N,M,2,85,162,70,3,3,2,2,3,3,2,3,2,3,4,3,5,3,4,4,5,3,3,4,3,21,26,0,0,0,0,1,5,19,54,0,0,41,85
26,2336,A,PN119,B,D,C,9,277,1411,61,5,3,2,4,3,3,3,3,3,4,4,5,4,4,2,2,4,4,2,4,3,22,67,0,0,0,0,14,56,4,8,0,0,40,131
27,2335,A,PN119,B,D,C,9,277,1411,61,5,3,2,4,3,3,3,3,3,4,4,5,4,4,2,2,4,4,2,4,3,18,38,23,49,0,0,14,59,0,0,0,0,55,146
28,2626,A,PN120,B,N,C,1,78,85,44,4,3,3,3,3,3,4,3,4,4,4,4,4,4,3,3,4,4,4,4,3,3,11,0,0,0,0,5,34,1,7,0,0,9,52
29,2625,A,PN120,B,N,C,1,78,85,44,4,3,3,3,3,3,4,3,4,4,4,4,4,4,3,3,4,4,4,4,3,5,13,0,0,0,0,1,13,0,0,0,0,6,26
30,2656,A,PN121,B,N,C,13,357,2352,113,5,2,4,3,2,3,3,3,2,3,2,3,4,3,3,3,3,2,3,3,4,15,62,0,0,13,55,17,81,5,39,8,27,58,264
31,2655,A,PN121,B,N,C,13,357,2352,113,5,2,4,3,2,3,3,3,2,3,2,3,4,3,3,3,3,2,3,3,4,8,30,0,0,0,0,8,38,0,0,7,25,23,93
32,2657,A,PN121,B,N,C,13,357,2352,113,5,2,4,3,2,3,3,3,2,3,2,3,4,3,3,3,3,2,3,3,4,10,39,4,10,0,0,6,28,4,14,0,0,24,91
33,2674,A,PN122,B,D,M,2,85,204,52,3,4,4,4,4,4,3,2,3,3,3,5,3,4,3,4,4,3,4,4,4,8,18,6,23,0,0,6,42,0,0,2,2,22,85
34,3009,A,PN123,B,N,C,18,1635,11487,105,3,4,2,2,3,3,4,3,1,3,3,3,1,3,3,2,4,4,3,5,3,0,0,0,0,0,0,0,0,0,0,0,0,0,0
35,3449,A,PN124,B,N,C,4,51,190,89,3,3,3,3,3,3,3,3,3,3,3,5,4,2,3,3,3,3,3,4,3,0,0,0,0,0,0,0,0,0,0,0,0,0,0
36,4449,A,PN125,B,N,M,8,222,731,47,2,3,2,4,3,3,3,4,4,4,4,4,3,4,3,4,4,4,4,3,3,0,0,0,0,0,0,0,0,0,0,0,0,0,0
37,3564,O,PN126,M,N,M,4,293,1150,65,3,4,2,3,3,4,2,2,4,4,4,4,5,3,1,2,4,4,5,3,3,19,89,12,46,14,66,1,7,9,59,0,0,55,267
38,3574,O,PN127,M,N,M,9,118,1015,142,2,2,1,3,3,4,2,2,2,2,5,5,5,4,3,4,2,3,2,3,1,8,23,4,10,10,56,1,2,5,16,0,0,28,107
39,3584,O,PN128,M,N,M,3,92,250,45,4,3,3,3,3,3,4,2,4,4,4,5,5,2,3,4,4,4,4,3,4,5,22,4,18,3,17,0,0,3,24,0,0,15,81
40,3594,O,PN129,W,N,M,9,175,764,183,4,1,3,3,3,4,3,2,2,2,3,3,4,2,2,4,2,3,3,3,1,13,26,3,8,5,12,5,13,13,79,0,0,39,138
41,1394,W,PN130,M,N,I,9,767,1000,108,2,3,3,3,3,3,3,3,3,3,3,3,2,3,3,3,3,3,3,3,3,43,122,6,20,44,191,19,142,22,197,0,0,134,672
42,1664,W,PN131,M,N,N,0,300,615,90,3,3,3,3,3,3,3,3,3,3,3,3,5,3,3,3,3,3,3,3,3,10,39,8,28,13,65,1,7,14,110,0,0,46,249
43,1914,W,PN132,M,N,N,2,80,170,109,3,3,3,3,3,3,3,3,2,3,3,2,3,3,3,3,3,4,2,3,4,20,35,8,27,0,0,5,10,5,19,0,0,38,91
44,3044,W,PN133,M,N,N,10,1125,4706,64,3,5,5,3,3,2,3,4,4,4,3,2,4,3,3,3,2,3,3,3,3,82,256,79,206,20,152,3,12,44,349,0,0,228,975
45,3054,W,PN134,M,N,I,6,130,250,53,3,4,3,3,3,3,3,3,3,3,4,5,5,3,3,4,4,4,2,3,4,5,22,14,36,5,25,0,0,5,33,0,0,29,116
46,3064,W,PN135,M,N,P,7,480,2409,79,4,3,3,3,3,3,4,3,4,4,2,3,2,2,2,4,4,4,2,3,3,40,109,19,58,15,83,11,83,13,101,0,0,98,434
47,3854,W,PN136,M,N,M,8,786,2100,70,4,4,3,3,3,4,2,3,3,3,4,3,3,4,2,2,4,3,4,3,4,70,226,64,162,4,16,9,59,28,223,0,0,175,686
48,3864,W,PN137,M,N,M,8,232,2100,51,3,4,3,3,3,3,3,4,3,3,4,3,4,3,3,4,4,4,4,3,3,12,37,15,29,24,86,3,12,13,40,0,0,67,204
49,3874,W,PN138,M,N,M,3,235,580,108,2,2,3,3,3,4,2,3,3,3,3,4,4,3,4,4,3,2,2,3,3,10,26,19,30,9,44,4,20,11,80,0,0,53,200
50,3884,W,PN139,M,N,M,4,196,460,49,2,3,3,3,3,3,1,3,5,5,3,4,4,2,3,5,3,5,4,3,3,10,32,10,20,9,47,5,23,9,51,0,0,43,173
51,4324,W,PN140,M,N,A,12,273,582,125,1,4,4,3,2,2,3,3,2,3,2,3,3,4,4,4,3,3,2,2,2,18,52,47,104,4,16,0,0,17,96,5,5,91,273
52,4614,W,PN141,M,N,M,14,292,1556,68,2,4,3,3,3,3,3,4,3,3,3,4,4,3,3,3,3,4,4,3,3,16,49,28,32,28,104,5,16,10,62,0,0,87,263
53,1414,B,PN142,A,P,A,7,170,708,88,3,4,3,4,2,3,3,3,3,4,2,4,4,2,4,4,3,2,3,3,3,13,46,7,24,10,28,4,26,6,43,3,3,43,170
54,1764,B,PN143,T,N,N,3,616,772,122,2,3,2,3,3,3,3,3,2,3,3,1,5,4,3,3,3,2,3,3,4,59,188,20,78,0,0,0,0,72,309,12,41,163,616
55,1844,B,PN144,W,N,C,5,586,1250,139,3,2,1,1,3,4,3,3,2,3,3,3,5,3,3,3,3,3,3,3,3,26,150,15,62,2,10,0,0,30,158,47,206,120,586
56,1854,B,PN145,M,N,N,5,359,955,65,4,4,2,2,4,3,3,3,3,4,3,4,4,2,3,4,4,4,3,4,3,26,109,23,92,6,30,2,10,12,76,9,42,78,359
57,2366,B,PN146,B,P,A,5,158,217,37,4,4,4,3,4,3,3,3,4,4,3,4,4,4,4,4,4,4,4,4,4,2,8,0,0,0,0,3,15,4,20,4,4,13,47
58,2365,B,PN146,B,P,A,5,158,217,37,4,4,4,3,4,3,3,3,4,4,3,4,4,4,4,4,4,4,4,4,4,8,28,2,8,3,10,6,12,7,39,8,8,34,105
59,2504,B,PN147,P,N,N,23,2471,13000,207,4,2,4,3,3,2,3,4,1,2,2,1,3,2,1,2,2,3,1,4,4,259,1042,101,225,86,656,7,43,81,489,16,16,550,2471
60,2514,B,PN148,P,N,N,5,513,1795,150,3,2,3,4,3,3,4,3,3,3,3,3,5,3,2,3,3,2,2,1,2,40,294,15,103,1,11,0,0,24,105,0,0,80,513
61,2524,B,PN149,W,N,C,10,694,6337,125,4,3,2,1,3,3,4,3,3,3,2,1,4,1,2,2,4,5,2,2,4,51,198,17,43,10,63,2,12,60,348,7,30,147,694
62,2534,B,PN150,A,P,A,20,705,6820,132,4,3,2,1,3,3,4,3,3,3,2,1,3,1,2,2,4,5,2,2,4,51,198,17,43,11,74,2,12,60,348,7,30,148,705
63,2544,B,PN151,M,D,C,4,255,793,60,4,4,4,4,3,4,4,3,3,3,3,2,5,2,3,4,4,3,3,4,3,42,84,10,18,5,26,3,19,13,74,10,34,83,255
64,2554,B,PN152,M,D,C,4,83,353,71,4,4,4,4,3,2,2,3,3,3,3,2,4,2,3,5,4,3,3,3,3,21,51,3,3,4,13,0,0,1,2,5,14,34,83
65,2564,B,PN153,M,N,N,22,1314,8607,157,3,3,2,3,3,2,3,3,1,2,1,2,5,3,2,4,3,3,2,3,3,156,445,28,71,7,49,2,12,34,257,48,480,275,1314
66,2574,B,PN154,A,P,A,18,892,6151,152,3,3,3,1,3,2,3,3,1,2,2,2,4,3,3,3,3,3,3,3,3,54,246,34,46,6,34,2,9,51,287,27,270,174,892
67,2584,B,PN155,A,P,A,19,331,2656,141,1,3,1,1,3,3,3,4,1,2,3,3,3,3,3,2,4,3,3,4,3,32,121,27,85,0,0,12,48,10,71,1,6,82,331
68,2594,B,PN156,A,P,A,9,459,4419,122,3,3,2,3,3,2,3,3,3,4,4,2,2,2,3,4,3,4,1,2,3,41,196,18,65,5,29,10,54,38,115,0,0,112,459
69,2734,B,PN157,M,N,N,12,1120,8775,142,3,3,2,3,3,3,3,3,2,3,2,1,2,2,2,3,4,4,1,4,3,108,463,22,66,10,41,11,36,78,414,28,93,257,1113
70,3404,B,PN158,M,C,P,9,816,1839,77,2,3,3,3,3,3,2,3,4,4,2,3,1,4,3,2,3,5,3,4,4,83,331,24,47,16,70,48,202,24,142,0,0,195,792
71,4854,B,PN159,O,N,N,5,238,764,111,3,3,3,4,3,3,3,3,3,2,3,3,4,2,3,2,4,4,1,4,2,32,110,1,3,1,5,2,14,15,86,2,20,53,238
72,1834,L,PN160,I,N,M,12,703,6290,104,3,3,2,3,3,3,2,3,3,3,3,2,4,3,3,3,3,3,4,3,4,27,123,20,79,5,51,4,17,35,267,5,50,96,587
73,3274,L,PN161,I,N,M,16,370,3810,122,3,3,2,3,3,4,3,3,2,2,3,4,5,3,2,3,2,3,3,3,3,20,93,24,102,24,114,0,0,7,23,0,0,75,332
74,3284,L,PN162,I,N,M,8,845,6300,136,2,3,3,3,3,3,3,3,2,2,2,4,4,3,3,3,3,2,3,3,2,19,86,27,228,39,379,4,8,12,83,0,0,101,784
75,3294,L,PN163,I,N,M,8,129,918,77,5,3,3,3,3,4,3,3,3,3,3,5,5,2,3,3,3,4,2,3,3,7,27,11,42,3,14,0,0,5,16,2,20,28,119
76,3484,L,PN164,I,N,M,31,546,3600,64,2,3,2,3,3,4,3,3,3,3,3,3,4,3,4,5,4,3,5,3,3,52,162,48,77,4,10,2,10,32,202,0,0,138,461
77,3514,L,PN165,I,N,M,24,417,10475,101,2,3,4,3,3,3,2,3,3,3,3,3,4,3,2,3,4,2,3,3,3,21,48,33,85,10,98,5,13,19,119,0,0,88,363
78,3534,L,PN166,I,N,M,25,1171,16310,127,3,2,3,3,3,3,3,3,3,3,2,2,3,2,3,3,3,3,4,3,3,30,118,35,146,38,124,6,30,51,522,0,0,160,940
79,3544,L,PN167,I,N,M,26,1004,10550,66,4,4,3,3,3,3,3,3,3,3,3,3,5,3,3,3,4,4,3,3,3,33,183,20,118,63,367,0,0,32,235,0,0,148,903
80,3554,L,PN168,I,N,M,0,2105,51100,121,3,3,3,3,3,3,3,3,3,3,1,1,2,3,3,3,3,3,4,3,3,49,295,77,274,100,500,21,154,61,607,0,0,308,1830
81,4444,L,PN169,I,N,M,13,176,3600,83,3,3,3,3,3,3,3,3,2,2,4,4,4,2,2,3,4,4,4,3,3,12,46,9,27,8,34,3,14,7,35,0,0,39,156
82,4714,L,PN170,I,N,M,10,203,2600,99,3,3,3,3,3,3,3,3,3,3,2,4,4,2,2,3,3,3,4,3,4,7,19,8,48,5,28,4,14,7,52,2,16,33,177
83,3684,P,PN171,I,N,M,10,206,2532,116,2,3,2,3,3,3,2,2,3,3,2,3,3,2,4,3,3,4,5,3,3,5,22,5,15,3,11,6,34,13,87,0,0,32,169
84,3694,P,PN172,I,N,M,7,128,2525,125,3,3,3,3,3,3,2,3,2,2,1,4,5,2,4,3,3,2,4,3,3,5,33,0,0,2,16,0,0,10,54,0,0,17,103
85,3304,AG,PN173,M,N,C,0,586,4479,94,3,3,3,3,3,3,3,3,3,3,2,5,1,4,3,3,3,3,3,3,4,57,174,52,156,0,0,31,155,5,44,8,36,153,565
86,1244,Q,PN174,B,N,P,14,562,1062,63,5,3,3,3,3,4,3,4,2,2,2,3,5,3,3,4,4,3,5,3,3,61,98,18,21,26,169,1,5,27,188,1,1,134,482
87,1274,Q,PN175,B,N,M,16,647,7871,92,4,3,5,3,3,3,3,3,1,1,2,4,2,2,1,2,4,4,4,3,5,19,131,5,32,14,74,25,277,10,50,6,60,79,624
88,1284,Q,PN176,B,N,M,5,130,845,60,2,3,3,3,3,3,3,3,4,4,4,5,3,2,3,2,4,4,4,3,4,8,20,4,21,6,30,8,22,3,11,5,13,34,117
89,1364,Q,PN177,B,N,M,8,254,2330,101,3,3,2,3,3,3,3,4,3,3,4,5,5,2,1,2,3,2,3,3,3,0,0,33,96,15,97,0,0,6,38,4,7,58,238
90,1374,Q,PN178,B,N,M,16,1056,21272,283,3,3,4,1,3,1,2,2,1,1,2,1,3,2,1,2,3,3,2,3,3,28,105,7,27,5,35,20,142,47,470,12,52,119,831
91,1384,Q,PN179,B,N,M,12,383,4224,130,3,3,3,3,3,2,3,3,1,1,2,5,1,1,1,2,4,5,4,3,4,11,52,6,18,7,42,30,218,0,0,12,53,66,383
92,1434,Q,PN180,B,N,C,12,345,2826,63,2,3,3,3,3,3,3,3,4,4,4,5,2,2,2,2,4,4,5,3,4,12,58,6,22,4,23,23,212,3,16,1,6,49,337
93,1454,Q,PN181,B,N,M,27,209,7320,123,4,3,5,3,3,2,3,2,1,1,3,5,3,1,1,3,4,4,2,3,3,5,27,2,6,7,34,6,40,5,35,13,52,38,194
94,1674,Q,PN182,B,N,M,24,366,9125,251,2,3,3,3,3,2,2,2,1,1,2,3,4,1,1,2,3,3,2,3,3,19,75,24,113,3,15,2,10,14,86,6,30,68,329
95,1734,Q,PN183,B,N,I,54,1181,11900,167,4,3,3,3,3,4,1,2,1,1,2,2,2,3,4,4,2,3,4,3,2,32,168,28,56,5,41,21,157,48,525,3,10,137,957
96,1774,Q,PN184,B,N,M,13,181,4300,215,2,3,2,3,3,2,3,3,1,1,2,4,5,1,1,2,3,2,3,3,3,4,20,13,54,0,0,1,5,9,63,3,12,30,154
97,1814,Q,PN185,B,N,N,21,739,4150,141,5,3,4,3,3,4,3,1,3,3,3,3,4,3,4,4,2,1,1,3,2,64,131,85,101,65,273,5,16,20,126,0,0,239,647
98,1824,Q,PN186,B,N,P,7,108,900,147,2,2,2,3,3,2,3,3,2,2,5,5,3,2,3,2,4,1,5,3,1,5,30,1,1,1,7,10,70,0,0,0,0,17,108
99,1874,Q,PN187,B,N,P,0,48,583,133,2,3,3,3,3,2,2,2,2,2,4,5,5,2,3,1,3,3,4,3,2,3,15,2,8,4,20,1,5,0,0,0,0,10,48
100,1954,Q,PN188,B,N,M,19,249,2565,147,2,3,2,3,3,2,3,3,1,1,3,4,4,2,3,3,4,2,4,3,3,9,35,32,100,5,25,5,21,7,33,8,17,66,231
101,1984,Q,PN189,B,N,M,11,371,4047,101,3,4,3,3,3,3,3,3,3,3,3,4,2,1,1,4,4,3,3,3,3,7,42,0,0,7,47,24,168,9,63,6,24,53,344
102,2034,Q,PN190,B,N,M,13,211,1520,186,2,3,2,3,3,2,3,3,1,1,2,4,4,1,1,2,4,3,3,3,3,3,12,0,0,6,36,2,14,10,72,10,45,31,179
103,2094,Q,PN191,B,N,M,32,1849,25910,162,4,1,3,3,3,3,3,4,1,1,2,3,1,2,2,2,4,3,3,3,4,70,579,3,23,22,125,67,748,29,149,24,155,215,1779
104,2104,Q,PN192,B,N,M,38,2482,37286,136,4,3,4,3,3,3,4,4,2,2,1,3,1,1,2,1,5,3,1,3,4,115,615,13,72,36,298,110,1107,26,189,37,121,337,2402
105,2114,Q,PN193,B,N,C,40,434,15052,228,3,2,3,3,3,2,3,2,1,1,2,3,2,1,1,2,4,4,2,3,3,9,41,7,29,3,19,15,115,20,140,7,28,61,372
106,2154,Q,PN194,B,N,M,29,292,11039,127,4,3,4,3,3,2,4,2,2,2,3,5,2,1,1,3,4,4,2,3,3,7,33,7,25,5,26,19,124,3,21,13,54,54,283
107,2184,Q,PN195,B,N,C,13,2954,18500,168,4,4,2,3,3,3,3,3,3,3,2,2,1,2,2,1,3,2,3,3,3,104,388,49,130,44,222,164,1655,51,377,4,19,416,2791
108,2194,Q,PN196,B,N,C,14,304,9369,149,4,3,2,3,3,2,3,3,2,2,2,5,2,1,2,3,4,2,4,3,3,19,86,6,23,8,30,15,130,2,14,3,15,53,298
109,2224,Q,PN197,B,N,N,28,353,7184,130,4,3,2,3,3,3,2,3,2,2,4,3,5,2,2,4,2,3,3,3,3,36,94,30,44,18,92,0,0,13,86,0,0,97,316
110,2314,Q,PN198,B,N,M,16,567,10447,238,2,2,2,3,3,2,3,3,2,2,2,4,2,1,1,1,4,2,2,3,4,31,149,7,16,7,41,24,219,12,75,11,35,92,535
111,2384,Q,PN199,B,N,M,45,3368,63694,172,4,3,3,3,3,2,3,3,1,1,2,1,1,2,2,2,4,4,2,3,4,112,543,95,370,34,216,91,658,92,958,38,200,462,2945
112,2394,Q,PN200,B,N,M,13,467,5100,120,4,3,4,3,3,3,3,3,3,3,3,3,2,2,2,3,3,2,3,3,3,10,49,7,25,13,74,22,193,14,78,5,16,71,435
113,2404,Q,PN201,B,N,M,4,253,1651,78,3,3,3,3,3,2,3,4,2,2,4,3,4,2,3,4,4,4,2,3,4,20,58,7,26,4,26,3,6,13,89,4,7,51,212
114,2464,Q,PN202,B,N,C,10,196,1450,65,1,4,2,3,3,3,3,4,3,3,4,4,4,4,3,4,4,2,4,3,3,19,47,7,19,1,4,5,19,12,74,0,0,44,163
115,2484,Q,PN203,B,N,M,12,185,1745,77,3,4,2,3,3,3,3,4,1,1,3,4,5,3,3,3,4,4,5,3,3,10,46,14,20,15,65,0,0,7,35,2,5,48,171
116,2604,Q,PN204,B,N,M,6,387,1798,185,2,4,3,3,3,2,2,2,1,1,2,3,4,1,1,2,4,3,3,3,4,10,38,15,47,8,40,2,12,21,152,8,31,64,320
117,2714,Q,PN205,B,N,M,28,430,2957,130,1,3,3,3,3,3,3,2,1,1,2,3,5,3,4,3,3,3,4,3,3,10,52,38,134,11,57,0,0,16,115,6,21,81,379
118,2854,Q,PN206,B,N,M,6,204,963,171,3,4,2,3,3,2,3,3,1,1,2,4,4,1,1,2,4,3,3,3,3,2,12,1,3,1,4,3,15,12,82,11,52,30,168
119,2874,Q,PN207,B,N,M,6,71,1233,162,3,3,3,3,3,2,3,3,1,1,2,5,4,1,1,2,4,2,4,3,3,2,8,3,9,2,10,2,12,3,17,2,8,14,64
120,2894,Q,PN208,B,N,C,5,840,3240,101,4,2,4,3,3,3,5,3,1,1,2,2,3,1,2,3,5,4,4,3,5,21,67,21,74,24,97,10,73,37,349,6,21,119,681
121,2904,Q,PN209,B,N,C,11,1648,10000,113,4,2,4,3,3,3,5,3,3,3,1,1,1,1,1,2,5,3,4,3,5,41,183,52,163,47,227,29,212,64,560,12,45,245,1390
122,2914,Q,PN210,B,N,C,8,1035,6800,88,4,2,4,3,3,3,5,3,3,3,1,2,2,1,1,2,5,3,4,3,5,26,91,28,82,29,143,25,178,36,354,6,21,150,869
123,2984,Q,PN211,B,N,M,22,548,3850,161,3,3,4,3,3,2,3,2,1,1,2,2,5,1,1,2,4,4,3,3,3,22,78,27,81,3,15,0,0,34,237,8,33,94,444
124,2994,Q,PN212,B,N,C,31,2054,14000,99,4,3,4,3,3,2,4,3,2,2,3,3,1,2,2,1,5,4,3,3,4,78,246,73,139,36,174,122,1334,18,101,6,12,333,2006
125,3014,Q,PN213,B,N,M,26,302,5768,129,2,3,2,3,3,2,3,3,2,2,3,3,5,3,3,3,3,2,4,3,3,6,30,15,49,10,62,0,0,13,90,6,32,50,263
126,3114,Q,PN214,B,N,C,22,1135,9700,91,4,2,2,3,3,3,4,4,4,4,2,3,1,2,4,2,3,4,3,3,4,30,162,11,38,26,132,53,644,31,104,3,22,154,1102
127,3124,Q,PN215,B,N,N,7,251,1100,82,3,3,3,3,3,4,2,3,3,3,3,3,4,2,3,3,4,4,4,3,3,20,50,8,18,6,30,2,4,19,90,4,14,59,206
128,3414,Q,PN216,B,N,M,14,227,5578,159,3,4,2,3,3,2,3,3,3,3,3,4,2,1,1,3,3,2,3,3,3,6,17,1,3,12,52,12,86,10,36,4,11,45,205
129,3424,Q,PN217,B,N,M,6,55,1060,72,4,3,3,3,3,3,3,3,3,3,4,5,4,2,3,3,4,3,3,3,3,3,10,0,0,2,14,5,35,0,0,0,0,10,59
130,3444,Q,PN218,B,N,M,6,299,5279,112,3,3,4,3,3,2,4,4,2,2,3,5,2,2,3,1,4,3,2,3,3,12,73,8,28,7,24,17,132,4,27,1,1,49,285
131,3754,Q,PN219,B,N,M,14,355,8217,124,3,3,3,3,3,2,3,3,3,3,3,3,3,1,3,2,4,3,2,3,4,17,47,43,119,6,28,6,32,18,122,6,20,96,368
132,3764,Q,PN220,B,N,N,8,1058,8710,90,4,4,3,3,3,1,4,4,3,3,1,3,2,2,2,3,5,2,4,3,4,38,138,45,145,69,274,17,170,28,229,0,0,197,956
133,3774,Q,PN221,B,N,N,9,65,796,105,4,2,2,3,3,3,3,2,2,2,2,5,5,2,2,3,4,4,5,3,3,7,15,1,4,6,38,0,0,2,4,0,0,16,61
134,3784,Q,PN222,B,N,C,26,374,11023,114,5,5,3,3,3,3,2,3,1,1,2,5,3,1,2,2,4,3,4,3,4,29,142,8,11,19,117,10,77,3,19,6,16,75,382
135,4364,Q,PN223,B,N,M,13,193,1755,65,4,4,2,3,3,3,4,3,4,4,4,4,4,3,3,3,3,2,4,3,4,15,46,5,17,8,46,5,16,9,43,0,0,42,168
136,4424,Q,PN224,B,N,M,28,1526,5931,113,4,3,2,3,3,3,3,3,3,3,3,2,1,2,3,2,4,4,3,3,3,79,291,26,80,42,238,68,487,54,302,0,0,269,1398
137,4564,Q,PN225,B,N,C,13,575,4456,116,2,3,3,3,3,3,3,3,4,4,2,3,1,2,3,2,4,2,3,3,3,18,100,8,36,12,80,36,257,13,56,3,13,90,542
138,4584,Q,PN226,B,N,M,13,509,3600,204,2,3,3,3,3,2,3,3,1,1,2,2,2,1,1,2,4,4,2,3,3,12,42,8,29,3,17,11,57,38,249,2,9,74,403
139,4604,Q,PN227,B,N,M,12,583,4557,28,4,4,5,3,3,4,4,3,3,3,4,5,5,4,4,4,4,5,3,3,3,40,151,97,351,1,7,0,0,5,30,8,31,151,570
140,4694,Q,PN228,B,N,M,14,315,8752,125,4,3,5,3,3,2,3,3,1,1,2,4,4,1,1,2,4,3,3,3,3,12,66,16,68,4,20,5,29,8,57,10,50,55,290
141,4704,Q,PN229,B,N,M,12,138,3440,101,3,4,5,3,3,2,3,3,1,1,2,5,5,1,1,2,4,4,3,3,3,4,15,7,39,6,34,1,5,2,12,7,28,27,133
142,4724,Q,PN230,B,N,C,9,257,1981,147,3,4,3,3,3,2,3,3,1,1,2,3,3,1,1,2,4,4,4,3,3,5,19,6,23,0,0,7,55,15,103,3,12,36,212
143,4734,Q,PN231,B,N,M,30,423,13700,193,2,3,3,3,3,2,2,2,1,1,2,4,4,1,1,2,4,4,2,3,3,25,116,22,84,8,42,2,10,12,83,12,52,81,387
144,4744,Q,PN232,B,N,N,20,495,7105,87,4,2,4,3,3,3,3,3,3,3,3,3,5,1,3,3,4,3,4,3,4,44,125,23,49,15,64,1,2,20,140,11,54,114,434
145,4754,Q,PN233,B,N,C,16,203,6816,158,2,3,3,3,3,2,3,3,2,2,3,3,2,2,3,2,3,2,4,3,3,25,125,17,60,7,37,22,170,19,122,10,50,100,564
146,4764,Q,PN234,B,N,M,12,204,4620,162,3,3,3,3,3,3,3,4,1,1,2,4,4,1,1,1,4,3,2,3,3,13,46,3,16,0,0,5,30,8,37,11,55,40,184
147,4844,Q,PN235,B,N,C,15,616,7551,196,2,3,2,3,3,3,3,2,1,1,3,4,1,1,2,1,5,1,5,3,4,64,227,15,50,8,38,30,210,10,56,2,8,129,589
148,4964,Q,PN236,B,N,C,33,2362,39479,119,2,4,3,3,3,3,3,3,3,3,2,2,1,1,1,1,4,4,5,3,4,140,493,131,248,38,214,186,2058,56,410,7,35,558,3458
149,3074,U,PN237,M,N,N,21,279,1280,90,3,3,3,3,3,3,3,3,3,3,3,3,5,3,3,3,3,3,3,3,3,33,63,33,47,10,51,0,0,13,83,0,0,89,244
150,3084,U,PN238,M,N,P,6,260,480,85,5,3,2,3,3,4,1,4,3,3,2,4,4,4,3,3,3,4,2,3,3,14,42,13,46,7,45,5,33,9,40,4,34,52,240
151,3094,U,PN239,M,N,N,18,370,1979,85,4,3,4,3,3,3,4,5,2,2,1,4,4,3,1,2,4,3,2,3,4,22,91,12,62,3,21,5,41,11,78,5,38,58,331
152,3104,U,PN240,M,N,N,16,314,2092,100,3,3,3,3,3,3,3,3,3,3,3,3,3,3,3,3,3,3,3,3,3,38,84,14,31,5,27,9,48,13,83,2,5,81,278
153,3794,U,PN241,M,N,I,18,1584,6030,94,4,4,3,3,3,3,3,3,3,3,3,2,2,3,1,3,4,2,4,3,3,198,404,54,67,46,250,11,74,53,536,0,0,362,1331
154,3804,U,PN242,M,N,M,26,464,1750,108,4,2,3,3,3,3,3,4,3,3,3,3,5,3,3,2,2,3,2,3,3,28,86,5,5,12,61,1,2,27,218,0,0,73,372
155,3814,U,PN243,M,N,M,17,528,2240,72,4,3,4,3,3,3,3,3,3,3,4,3,4,4,3,4,2,2,5,3,3,33,100,59,125,7,50,2,12,24,169,0,0,125,456
156,3834,U,PN244,M,N,M,8,233,1105,72,4,4,4,3,3,3,3,4,3,3,4,4,5,2,3,2,2,5,1,3,3,13,25,22,80,1,4,0,0,11,85,0,0,47,194
157,3844,U,PN245,M,N,M,14,577,2915,38,4,3,4,3,3,3,4,4,4,4,2,3,5,3,3,3,4,5,5,3,4,65,177,32,99,0,0,0,0,31,211,0,0,128,487
158,4264,U,PN246,M,N,M,36,1613,5984,91,4,2,3,3,3,3,3,4,3,3,3,2,4,1,3,2,4,4,4,3,3,120,433,80,392,3,14,4,8,48,522,0,0,255,1369
159,4274,U,PN247,M,N,M,15,1003,4065,99,4,4,3,3,3,3,3,3,3,3,2,2,5,1,1,1,3,5,3,3,4,51,182,29,80,24,180,0,0,36,387,0,0,140,829
160,4284,U,PN248,M,N,M,12,267,565,64,3,3,3,3,3,3,3,4,3,3,3,4,5,4,2,2,3,5,3,3,3,9,22,41,163,1,4,0,0,10,53,0,0,61,242
161,4294,U,PN249,M,N,M,8,219,1048,68,4,4,3,3,3,3,4,4,3,3,3,5,5,3,3,2,2,5,3,3,2,15,48,15,82,4,30,0,0,6,41,0,0,40,201
162,2354,AF,PN250,C,N,N,14,84,2459,123,4,3,3,2,3,3,3,3,2,2,2,4,4,1,1,2,4,4,3,3,3,9,32,1,3,7,16,2,7,4,26,0,0,23,84
163,2924,AF,PN251,C,N,N,12,204,1091,84,3,3,3,2,2,3,3,3,3,2,4,5,2,3,3,3,4,3,3,4,3,19,87,15,66,8,29,11,22,0,0,0,0,53,204
164,3704,T,PN252,P,N,M,30,1814,4500,100,4,3,3,3,3,4,3,3,3,3,2,2,1,3,3,2,3,4,4,3,3,65,252,104,283,61,227,30,291,50,521,0,0,310,1574
165,3724,T,PN253,P,N,I,11,609,1455,60,3,4,5,3,3,3,3,3,4,4,1,4,4,2,1,3,4,4,4,3,3,22,79,88,397,2,15,2,9,12,76,2,13,128,589
166,3734,T,PN254,P,N,U,1,210,0,72,3,3,3,3,3,3,3,3,4,4,2,4,5,2,3,3,3,4,4,3,3,11,24,19,72,14,37,0,0,8,54,0,0,52,187
167,3744,T,PN255,P,N,N,20,321,1230,158,2,2,1,3,3,3,3,3,1,1,2,5,2,3,5,2,2,4,4,3,3,1,4,15,27,2,7,23,263,2,14,0,0,43,315
168,4134,T,PN256,P,N,M,15,876,3300,102,2,3,2,3,3,3,3,3,3,3,2,3,4,4,3,3,3,3,3,3,4,105,373,39,136,22,138,2,9,22,155,0,0,190,811
169,4154,T,PN257,P,N,P,18,626,2500,102,3,3,3,3,3,3,3,3,3,3,2,3,4,1,2,4,4,3,3,3,3,60,134,31,36,43,192,3,15,26,172,1,4,164,553
170,4164,T,PN258,P,N,M,22,703,3450,179,3,2,3,3,3,4,3,2,2,2,2,3,5,2,2,2,2,2,3,3,4,64,245,6,15,33,249,0,0,16,132,0,0,119,641
171,4174,T,PN259,P,N,N,28,1073,3650,99,1,3,2,3,3,4,3,4,3,3,2,2,4,2,3,3,4,3,3,3,4,78,198,32,76,47,203,3,14,41,392,0,0,201,883
172,1744,X,PN260,I,N,N,21,633,7560,110,3,3,3,3,3,4,2,3,3,3,3,2,4,3,3,4,3,3,1,3,3,52,105,8,25,8,47,3,9,36,303,0,0,107,489
173,2704,X,PN261,I,N,N,20,765,4410,157,3,3,3,3,3,4,3,3,3,3,3,3,4,3,3,3,3,3,2,3,3,62,290,42,161,9,45,2,17,24,171,7,7,146,691
174,3454,X,PN262,I,N,N,15,954,14840,141,3,3,3,3,3,4,3,3,2,2,3,3,2,3,3,3,3,3,1,3,3,53,265,32,143,22,112,13,77,32,229,5,26,157,852
175,3614,X,PN263,I,N,M,25,1364,17778,98,5,4,4,3,3,1,4,3,2,2,2,2,2,1,2,3,4,5,3,3,4,89,485,32,67,43,273,17,119,51,282,0,0,232,1226
176,3624,X,PN264,I,N,M,39,648,8800,144,4,4,1,3,3,3,3,3,3,3,3,3,1,3,2,3,2,2,4,3,3,10,33,0,0,19,100,36,246,24,185,0,0,89,564
177,3634,X,PN265,I,N,M,30,1282,26670,190,4,2,4,3,3,2,3,3,3,3,2,3,1,3,3,2,2,1,1,3,4,96,514,51,255,23,166,29,172,20,118,0,0,219,1225
178,3644,X,PN266,I,N,M,10,176,1330,86,3,5,5,3,3,1,5,3,3,3,2,4,4,3,2,2,3,3,2,3,3,10,40,8,32,4,20,2,14,7,49,0,0,31,155
179,3654,X,PN267,I,N,M,30,626,14504,80,3,4,3,3,3,4,1,2,2,2,2,3,2,4,5,4,4,4,5,3,3,20,80,20,80,28,140,18,126,20,140,0,0,106,566
180,3664,X,PN268,I,N,M,24,1026,8498,186,3,2,3,3,3,3,3,2,3,3,3,3,1,3,1,2,3,2,2,3,3,42,162,40,160,40,194,30,210,30,210,0,0,182,936
181,3674,X,PN269,I,N,M,26,561,4830,116,5,3,5,3,3,2,3,2,2,2,2,3,2,3,3,1,3,2,4,3,4,21,81,20,80,29,145,15,105,15,105,0,0,100,516
182,1324,J,PN270,I,N,N,12,203,1390,94,4,3,3,3,3,3,3,3,3,3,2,3,4,3,2,3,4,3,2,3,4,2,8,2,2,3,12,3,21,16,112,0,0,26,155
183,1404,J,PN271,I,D,M,8,127,1505,44,4,2,5,5,3,4,4,3,5,4,3,5,4,2,3,3,4,3,3,2,4,12,48,4,24,4,28,1,7,2,20,1,10,24,137
184,1714,J,PN272,I,N,C,14,424,4254,165,4,2,2,3,3,2,4,4,3,3,2,3,3,2,2,1,3,3,1,3,3,19,122,15,52,16,159,1,13,10,60,5,18,66,424
185,1724,J,PN273,I,D,C,12,254,3631,147,3,3,3,3,3,3,3,3,2,3,3,2,3,2,2,1,3,3,3,3,3,7,21,18,24,9,66,10,62,4,19,16,61,64,253
186,1754,J,PN274,B,N,M,20,39,5244,64,3,3,2,3,2,4,3,4,3,3,5,4,4,4,3,5,2,3,4,1,3,2,5,0,0,0,0,2,12,2,17,3,5,9,39
187,2024,J,PN275,I,D,M,10,210,4728,61,5,3,5,4,3,3,3,3,3,4,2,5,3,4,3,3,3,3,3,1,4,17,88,5,30,3,15,2,17,5,47,2,13,34,210
188,2164,J,PN276,I,N,M,19,210,1400,170,3,2,4,3,3,5,3,3,3,3,2,5,5,3,1,2,2,1,1,3,2,21,100,12,63,7,37,1,10,0,0,0,0,41,210
189,2416,J,PN277,I,P,C,13,767,1341,158,2,2,4,2,2,4,3,3,1,2,1,4,3,3,3,3,4,3,2,2,3,35,178,3,7,0,0,29,142,0,0,17,47,84,374
190,2415,J,PN277,I,P,C,13,767,1341,158,2,2,4,2,2,4,3,3,1,2,1,4,3,3,3,3,4,3,2,2,3,29,96,0,0,0,0,29,228,6,57,0,0,64,381
191,2454,J,PN278,I,N,M,5,175,1800,82,2,3,3,3,3,3,3,3,2,2,3,4,5,2,4,4,4,3,3,3,4,9,26,7,21,1,5,1,2,12,84,0,0,30,138
192,2614,J,PN279,I,N,M,48,1474,20850,151,4,2,2,1,3,3,4,3,2,2,2,2,2,2,3,3,4,3,4,2,4,79,309,85,488,9,51,18,145,30,268,409,671,630,1932
193,2884,J,PN280,I,N,M,18,879,9757,163,3,3,3,3,3,3,3,3,3,3,3,3,3,3,3,3,3,2,2,3,2,61,421,16,53,36,128,6,45,21,161,0,0,140,808
194,2944,J,PN281,I,N,M,12,6,6402,119,5,4,4,3,3,3,4,3,3,3,2,3,2,3,2,3,3,2,2,3,2,15,136,14,46,14,91,21,207,14,94,21,71,99,645
195,4404,J,PN282,I,N,M,38,640,4542,133,4,2,1,2,3,3,3,3,3,4,3,2,3,3,3,4,4,1,2,4,3,13,126,3,26,1,5,4,52,48,420,3,11,72,640
196,4634,J,PN283,I,D,M,12,230,3462,107,4,3,3,3,2,3,3,3,1,2,2,3,3,3,3,4,3,3,3,4,4,22,54,7,7,2,4,12,72,7,38,13,53,63,228
197,4674,J,PN284,I,N,C,16,1973,25397,166,5,2,4,2,2,2,2,4,2,3,2,2,3,2,3,3,2,2,3,3,3,125,859,131,239,23,161,9,64,65,514,49,135,402,1972
198,4914,J,PN285,I,N,M,6,454,11400,79,4,3,4,3,3,2,4,2,2,2,3,4,4,3,4,4,2,4,5,3,3,25,144,14,79,9,80,4,28,9,62,6,24,67,417
199,4944,J,PN286,I,N,C,20,284,3859,78,4,1,4,3,4,3,3,3,4,3,2,4,4,2,2,3,4,4,4,2,4,11,63,14,73,2,4,6,44,7,36,16,64,56,284
200,3934,N,PN287,W,N,N,20,983,4640,79,3,2,3,3,3,2,4,4,5,5,2,2,3,3,1,2,5,4,2,3,2,31,142,33,77,10,110,6,54,38,410,0,0,118,793
201,4044,N,PN288,W,N,I,25,631,6090,60,2,3,4,3,3,3,4,4,4,4,2,3,4,3,3,4,4,3,2,3,4,18,73,5,36,30,150,2,12,32,252,0,0,87,523
202,1464,D,PN289,T,N,P,13,1208,2050,85,4,3,2,5,3,3,3,3,4,2,2,1,2,3,3,3,5,4,2,3,3,108,425,25,96,13,87,22,175,41,341,20,84,229,1208
203,2424,D,PN290,T,N,N,4,134,90,47,3,4,2,4,3,3,4,4,3,3,4,4,5,3,4,3,5,3,4,3,3,10,44,7,20,4,24,0,0,7,42,2,4,30,134
204,2934,G,PN291,M,N,N,8,501,1900,73,3,3,3,3,3,3,4,4,3,3,3,2,5,3,3,2,4,3,3,3,4,35,103,0,0,22,81,0,0,33,223,0,0,90,407
205,4654,G,PN292,M,N,N,25,1853,9700,153,4,2,4,3,3,4,3,3,3,3,1,1,1,4,4,3,3,2,1,3,3,94,325,77,192,11,70,32,278,61,628,12,57,287,1550
206,4874,G,PN293,M,N,I,7,1331,5759,106,3,4,4,3,3,2,4,4,2,2,1,1,5,2,2,2,4,3,3,3,4,42,166,8,35,0,0,0,0,96,768,3,10,149,979
207,4884,G,PN294,M,N,M,6,127,987,73,2,3,4,3,3,3,3,2,4,4,4,5,5,4,4,3,3,2,2,3,3,12,62,5,17,3,12,0,0,6,23,0,0,26,114
208,3334,AE,PN295,W,N,I,5,332,517,53,3,3,4,3,3,3,3,3,3,3,4,3,4,4,4,4,4,4,3,3,3,14,53,2,8,17,65,3,19,22,119,3,9,61,273
209,3344,AE,PN296,W,N,I,5,213,391,60,3,3,3,3,3,3,3,3,4,4,3,4,4,4,4,4,3,3,4,3,3,19,51,10,17,15,71,3,6,8,33,7,15,62,193
210,1254,E,PN297,P,N,C,20,602,4462,135,5,2,2,3,3,2,3,4,3,4,2,2,3,1,2,3,3,2,4,3,4,42,134,36,137,12,51,8,58,36,204,7,18,141,602
211,1265,E,PN298,P,N,C,12,1062,5152,198,2,2,3,3,2,3,3,2,2,2,3,2,5,2,3,4,2,2,3,2,2,1,10,0,0,39,220,0,0,58,410,0,0,98,640
212,1266,E,PN298,P,N,C,12,1062,5152,198,2,2,3,3,2,3,3,2,2,2,3,2,5,2,3,4,2,2,3,2,2,38,137,15,71,0,0,0,0,0,0,0,0,53,208
213,1267,E,PN298,P,N,C,12,1062,5152,198,2,2,3,3,2,3,3,2,2,2,3,2,5,2,3,4,2,2,3,2,2,30,120,27,94,0,0,0,0,0,0,0,0,57,214
214,1444,E,PN299,P,N,C,5,364,2028,104,3,3,3,3,3,3,3,3,3,3,3,3,4,3,3,3,3,3,2,3,3,22,92,29,77,7,49,2,10,21,132,1,4,82,364
215,1694,E,PN300,P,N,C,12,592,4359,105,5,5,1,1,3,2,3,3,4,3,2,3,4,2,2,2,3,4,3,4,3,54,233,45,130,12,68,3,25,29,134,2,2,145,592
216,1994,E,PN301,P,N,C,13,362,1245,86,4,2,2,2,3,2,2,2,4,3,3,5,5,3,3,4,3,3,3,3,4,48,171,48,115,6,19,0,0,3,39,6,18,111,362
217,2064,E,PN302,P,N,C,8,539,2579,59,4,3,3,5,3,3,3,4,3,4,3,3,5,3,3,4,3,3,3,3,3,56,185,30,150,8,44,1,7,23,142,11,11,129,539
218,2344,E,PN303,P,N,C,16,1589,663,320,2,1,1,3,2,5,1,2,1,2,2,1,5,5,3,3,2,1,2,4,2,128,310,2,4,118,821,0,0,80,408,39,46,367,1589
219,2434,E,PN304,P,C,N,5,1785,4372,123,4,3,3,4,2,3,3,3,2,3,3,1,1,2,3,2,4,4,2,4,3,0,0,297,905,0,0,43,298,83,527,53,53,476,1783
220,2444,E,PN305,A,P,A,5,53,315,121,2,1,2,3,3,3,3,3,2,3,2,5,4,3,4,4,3,3,3,2,3,4,11,4,11,1,2,2,9,2,17,2,2,15,52
221,2494,E,PN306,P,D,M,5,1187,6011,235,2,1,2,3,2,2,1,1,3,4,2,3,4,3,3,3,3,1,2,3,4,69,552,23,188,14,46,0,0,40,401,0,0,146,1187
222,2724,E,PN307,A,P,A,3,142,750,118,3,3,2,4,3,2,3,4,2,3,2,3,4,3,2,2,3,4,2,3,3,22,64,12,46,0,0,3,27,0,0,2,5,39,142
223,2954,E,PN308,P,N,C,13,541,2340,127,3,2,2,3,4,2,3,4,2,2,4,2,5,3,3,3,4,3,1,3,2,33,122,40,219,4,44,0,0,33,144,3,12,113,541
224,3036,E,PN309,A,P,A,20,949,3765,227,2,3,2,3,3,1,1,2,2,3,3,3,4,2,3,3,1,4,2,3,2,4,32,4,26,5,25,0,0,3,21,0,0,16,104
225,3035,E,PN309,A,P,A,20,949,3765,227,2,3,2,3,3,1,1,2,2,3,3,3,4,2,3,3,1,4,2,3,2,36,227,25,165,26,197,4,31,28,215,10,10,129,845
226,3494,E,PN310,P,N,M,8,197,1070,57,2,3,5,3,3,3,2,3,3,3,4,5,3,4,3,3,3,4,4,3,3,20,60,1,6,6,40,6,20,6,43,3,5,42,174
227,3504,E,PN311,P,N,M,18,344,2020,84,3,4,3,3,3,3,3,3,4,4,3,4,2,3,2,4,3,2,3,3,3,27,97,13,44,7,34,16,87,7,41,7,23,77,326
228,3524,E,PN312,P,N,M,12,150,1220,67,4,4,3,3,3,2,4,4,4,4,3,5,4,2,3,1,2,4,4,3,3,5,16,1,3,20,80,4,20,2,12,5,14,37,145
229,4334,E,PN313,P,N,C,4,391,2706,105,4,4,3,1,1,2,4,4,2,3,3,3,5,3,1,4,3,2,3,2,4,37,109,39,116,0,0,0,0,22,90,76,76,174,391
230,4344,E,PN314,U,N,C,5,482,1911,62,3,2,5,3,3,3,2,2,3,4,4,3,5,2,4,5,4,3,3,2,3,49,170,64,162,0,0,1,7,16,67,25,76,155,482
231,4374,E,PN315,A,P,M,4,133,605,112,3,2,2,3,3,2,2,3,4,3,3,4,4,3,4,4,3,2,3,3,2,11,44,2,12,3,10,1,7,5,41,35,35,57,149
232,4394,E,PN316,P,N,P,8,107,673,85,5,4,1,3,2,4,3,3,1,2,4,5,5,5,4,4,3,3,2,4,2,29,62,5,5,1,7,0,0,4,32,1,1,40,107
233,4645,E,PN317,P,N,N,22,3804,37747,302,3,1,1,1,2,1,3,3,2,2,1,1,4,3,1,3,4,3,1,4,2,45,234,46,184,0,0,0,0,63,427,0,0,154,845
234,4646,E,PN317,P,N,N,22,3804,37747,302,3,1,1,1,2,1,3,3,2,2,1,1,4,3,1,3,4,3,1,4,2,138,1004,109,618,0,0,2,26,124,811,500,500,873,2959
235,4804,E,PN318,P,N,C,6,184,375,84,4,3,4,5,3,3,2,3,3,4,2,3,5,4,2,2,3,3,3,1,4,6,27,23,56,1,4,0,0,14,91,1,6,45,184
236,4814,E,PN319,P,N,C,7,272,1110,101,2,3,2,4,3,3,3,3,3,3,3,3,4,4,3,4,3,3,2,2,3,11,41,24,66,1,5,2,4,27,134,7,20,72,270
237,4934,E,PN320,A,P,A,24,842,13221,110,3,2,2,5,3,2,2,2,3,3,4,4,5,4,3,4,2,3,3,2,2,48,459,40,157,15,122,1,7,12,97,0,0,116,842
238,1934,V,PN321,B,N,P,27,1326,6948,103,3,3,3,3,3,3,5,1,3,3,3,1,3,4,4,3,1,5,3,3,3,185,586,65,252,35,189,0,0,82,431,11,11,378,1469
239,2056,V,PN322,B,N,C,18,1458,6777,121,3,3,3,3,3,3,3,3,2,3,3,3,3,3,3,3,3,3,3,3,2,55,363,0,0,0,0,5,24,39,277,195,213,294,877
240,2057,V,PN322,B,N,C,18,1458,6777,121,3,3,3,3,3,3,3,3,2,3,3,3,3,3,3,3,3,3,3,3,2,0,0,0,0,0,0,0,0,0,0,0,0,0,0
241,2058,V,PN322,B,N,C,18,1458,6777,121,3,3,3,3,3,3,3,3,2,3,3,3,3,3,3,3,3,3,3,3,2,1,3,0,0,25,103,0,0,0,0,6,15,32,121
242,2059,V,PN322,B,N,C,18,1458,6777,121,3,3,3,3,3,3,3,3,2,3,3,3,3,3,3,3,3,3,3,3,2,67,320,0,0,21,91,3,14,0,0,7,7,98,432
243,2055,V,PN322,B,N,C,18,1458,6777,121,3,3,3,3,3,3,3,3,2,3,3,3,3,3,3,3,3,3,3,3,2,10,28,0,0,0,0,0,0,0,0,0,0,10,28
244,2126,V,PN323,B,N,A,24,1328,16835,124,2,3,3,2,2,3,3,3,4,3,2,3,2,3,3,3,3,2,3,2,4,47,132,39,121,2,7,38,156,0,0,39,80,165,496
245,2125,V,PN323,B,N,A,24,1328,16835,124,2,3,3,2,2,3,3,3,4,3,2,3,2,3,3,3,3,2,3,2,4,3,16,52,161,10,54,53,341,18,127,19,73,155,772
246,2476,V,PN324,B,N,C,9,454,3522,195,3,3,1,1,3,2,2,3,1,2,4,5,4,2,2,1,3,2,2,3,5,21,70,13,43,0,0,18,77,0,0,3,6,55,196
247,2475,V,PN324,B,N,C,9,454,3522,195,3,3,1,1,3,2,2,3,1,2,4,5,4,2,2,1,3,2,2,3,5,7,30,14,55,2,9,17,122,4,31,7,15,51,262
248,3314,V,PN325,B,N,C,7,553,3982,113,3,3,4,3,3,2,3,3,3,3,2,4,1,2,3,3,3,4,2,3,4,28,135,2,6,2,12,31,281,9,74,2,8,74,516
249,3324,V,PN326,B,N,M,5,285,1363,90,3,3,2,3,3,4,2,3,3,3,3,3,4,2,3,3,4,4,4,3,3,9,59,7,34,7,32,5,39,15,79,0,0,43,243
250,3464,V,PN327,B,N,N,33,497,14025,93,4,2,4,3,3,3,3,3,3,3,2,3,3,2,1,2,4,4,3,3,4,25,116,12,52,18,72,7,48,21,147,0,0,83,435
251,3604,V,PN328,B,N,N,20,523,8650,108,4,2,4,3,3,4,3,2,4,4,3,3,4,2,3,3,3,2,1,3,4,44,175,15,36,19,109,2,12,20,134,0,0,100,466
252,3714,V,PN329,W,N,N,12,807,7353,146,3,4,2,3,3,3,3,2,3,3,2,3,2,2,2,2,3,3,4,3,3,44,177,37,120,16,52,16,124,29,234,0,0,142,707
253,3824,V,PN330,B,N,N,3,33,749,64,2,3,4,3,3,3,3,2,4,4,3,5,5,3,3,3,4,3,4,3,3,0,0,5,8,4,18,1,7,0,0,0,0,10,33
254,1334,K,PN331,I,N,M,18,265,1695,77,3,3,3,3,3,3,3,4,3,3,3,4,5,3,2,3,3,3,4,3,3,9,32,17,49,6,42,0,0,12,86,5,18,49,227
255,1684,K,PN332,W,N,N,4,200,295,41,4,4,4,5,3,3,3,4,4,4,2,4,5,3,3,3,4,3,4,4,4,7,19,23,92,2,9,0,0,9,80,0,0,41,200
256,1894,K,PN333,W,N,I,15,317,933,65,5,4,4,2,4,4,4,4,3,3,4,3,2,2,2,2,4,4,4,2,2,9,27,7,7,14,67,11,80,16,116,2,20,59,317
257,1924,K,PN334,W,N,M,8,198,1521,90,3,3,3,3,3,3,3,3,3,3,3,3,5,3,3,3,3,3,3,3,3,23,60,9,33,0,0,0,0,16,83,8,22,56,198
258,1944,K,PN335,W,N,M,14,542,2388,72,1,2,2,3,3,2,3,4,4,4,2,3,5,1,3,5,4,4,4,3,3,26,176,13,62,13,127,0,0,18,124,0,0,70,489
259,2204,K,PN336,W,N,M,10,581,3110,82,3,3,3,3,3,4,3,3,4,4,4,3,1,3,3,3,3,3,3,3,3,25,28,8,8,2,7,36,390,19,105,0,0,90,538
260,2296,K,PN337,W,N,A,6,250,810,91,3,3,2,3,3,2,2,3,3,4,4,5,1,4,5,3,4,2,3,2,3,6,14,0,0,0,0,15,69,0,0,0,0,21,83
261,2295,K,PN337,W,N,A,6,250,810,91,3,3,2,3,3,2,2,3,3,4,4,5,1,4,5,3,4,2,3,2,3,1,4,1,4,0,0,5,18,2,18,0,0,9,44
262,2297,K,PN337,W,N,A,6,250,810,91,3,3,2,3,3,2,2,3,3,4,4,5,1,4,5,3,4,2,3,2,3,20,42,0,0,0,0,19,81,0,0,0,0,39,123
263,2686,K,PN338,W,D,I,5,83,557,112,3,3,4,5,3,1,3,3,2,3,1,4,5,2,2,3,3,3,3,3,3,1,1,0,0,0,0,0,0,1,2,4,11,6,14
264,2685,K,PN338,W,D,I,5,83,557,112,3,3,4,5,3,1,3,3,2,3,1,4,5,2,2,3,3,3,3,3,3,4,7,2,4,1,4,0,0,8,54,0,0,15,69
265,2824,K,PN339,W,D,C,7,173,546,98,4,3,2,2,3,3,3,3,3,3,2,5,5,3,2,3,3,3,3,3,3,14,18,16,42,1,5,0,0,2,10,80,98,113,173
266,2834,K,PN340,W,O,C,8,211,969,101,2,3,2,2,3,3,3,3,3,3,4,5,4,3,1,3,3,3,3,3,3,15,26,1,4,14,66,1,2,4,8,103,105,138,211
267,3004,K,PN341,W,N,P,7,256,320,66,3,3,4,3,3,3,3,3,3,3,4,3,5,3,3,4,3,3,3,3,4,28,86,35,114,0,0,0,0,14,28,0,0,77,228
268,3244,K,PN342,W,N,M,8,115,608,76,3,3,2,3,3,2,3,4,3,3,3,5,4,3,3,4,3,3,4,3,3,9,52,5,18,1,7,2,7,6,18,0,0,23,102
269,3254,K,PN343,W,N,N,4,362,728,65,3,3,3,3,3,3,3,5,3,3,3,4,5,5,3,5,3,2,1,3,3,20,59,21,123,12,42,0,0,9,54,26,60,88,338
270,3264,K,PN344,W,N,N,22,662,7470,103,3,3,2,3,3,4,3,3,3,3,3,3,5,3,3,3,3,3,2,3,3,87,260,48,186,12,47,0,0,19,105,2,8,168,606
271,3434,K,PN345,W,N,M,9,264,1300,86,3,4,3,3,3,4,2,2,4,4,4,4,5,3,3,3,2,4,4,3,4,27,93,1,1,13,65,0,0,12,74,0,0,53,233
272,4434,K,PN346,W,N,I,18,491,4448,110,3,3,3,3,3,3,3,3,3,3,3,2,2,3,3,3,3,3,3,3,3,15,51,0,0,0,0,14,123,41,317,0,0,70,491
273,4594,K,PN347,W,N,C,16,1840,10880,116,4,2,2,3,4,2,3,4,3,3,4,1,2,3,3,2,4,3,1,4,3,225,848,49,192,7,34,14,93,103,577,96,96,494,1840
274,4684,K,PN348,W,D,I,8,179,474,55,5,3,4,4,4,3,3,4,4,4,2,3,3,2,2,4,4,3,4,3,3,14,42,1,4,3,12,10,50,18,62,4,9,50,179
275,1314,M,PN349,B,N,M,22,137,4086,130,4,3,3,3,3,3,3,3,2,2,1,5,4,2,1,2,4,2,3,3,3,7,44,6,26,4,18,2,9,6,26,0,0,25,123
276,1354,M,PN350,B,N,C,3,105,316,48,2,3,3,5,3,2,3,4,3,3,4,5,5,2,3,5,3,3,4,4,4,8,13,23,51,1,2,6,29,1,10,0,0,39,105
277,1794,M,PN351,B,N,M,6,201,1242,74,4,3,3,3,3,3,3,2,4,4,4,5,5,2,3,3,4,3,1,3,4,15,43,18,52,9,47,1,5,6,38,0,0,49,185
278,1804,M,PN352,B,N,M,19,483,9984,84,3,2,3,3,3,3,4,3,3,3,3,4,5,3,3,2,3,4,3,3,3,41,171,16,49,24,127,1,10,12,84,1,6,95,447
279,2374,M,PN353,B,N,M,4,132,1152,119,2,3,3,3,3,3,3,3,3,3,3,3,3,3,3,2,3,2,3,3,3,9,47,5,21,1,7,4,28,4,29,0,0,23,132
280,3204,M,PN354,B,N,C,19,442,5574,108,4,3,3,3,3,3,3,4,2,2,3,4,3,2,3,1,3,3,3,3,4,14,112,12,63,30,128,7,62,12,48,0,0,75,413
281,3214,M,PN355,B,N,M,7,228,2352,114,3,3,2,3,3,3,3,3,3,3,3,4,5,3,3,3,3,2,2,3,3,16,45,33,111,2,10,1,5,9,38,0,0,61,209
282,3224,M,PN356,B,N,M,9,319,1616,63,4,3,3,3,3,3,4,3,4,4,2,3,5,3,3,3,4,3,4,3,4,21,75,18,59,7,32,0,0,17,105,0,0,63,271
283,3234,M,PN357,B,N,M,20,544,4726,119,3,3,3,3,3,3,3,3,3,3,3,3,5,3,3,3,2,1,3,3,3,29,84,44,162,12,55,1,10,24,163,0,0,110,474
284,3944,M,PN358,B,N,M,48,1619,17745,70,4,3,4,3,3,3,4,3,3,3,4,2,3,2,2,3,2,5,4,3,5,75,354,83,255,44,289,8,59,47,455,0,0,257,1412
285,3954,M,PN359,B,N,M,0,1229,0,152,4,3,3,3,3,3,3,3,2,2,1,3,3,2,2,1,4,2,3,3,3,76,407,87,275,53,245,7,33,24,187,0,0,247,1147
286,3964,M,PN360,B,N,M,5,402,592,79,3,4,3,3,3,3,2,2,4,4,3,3,1,3,5,4,3,3,4,3,3,6,48,0,0,0,0,27,187,15,115,0,0,48,350
287,4464,M,PN361,B,N,M,13,906,4278,86,4,3,3,3,3,3,3,2,4,4,4,2,5,2,3,3,4,3,1,3,4,71,294,35,140,15,75,0,0,35,265,3,12,159,786
288,4474,M,PN362,B,N,M,19,442,5574,108,4,3,3,3,3,3,3,4,2,2,3,4,3,2,3,1,3,3,3,3,4,14,112,12,63,30,128,7,62,12,48,0,0,75,413
289,4484,M,PN363,B,N,N,7,228,2352,114,3,3,2,3,3,3,3,3,3,3,3,4,5,3,3,3,3,2,2,3,3,16,45,33,111,2,10,1,5,9,38,0,0,61,209
290,4494,M,PN364,B,N,N,6,221,1960,119,3,3,3,3,3,3,3,3,1,1,2,5,4,3,3,3,3,3,3,3,3,17,95,12,43,6,35,4,14,4,20,1,4,44,211
291,4834,M,PN365,B,N,M,2,45,180,100,3,3,3,3,3,3,3,3,3,3,3,3,3,3,3,3,3,3,3,3,3,4,8,0,0,0,0,4,37,0,0,0,0,8,45
292,2004,M,PN366,B,O,M,4,293,1240,86,2,3,2,3,3,3,3,3,3,3,4,3,1,3,3,4,3,4,4,3,3,2,20,21,21,72,205,16,42,1,2,3,3,115,293
293,2014,M,PN367,B,O,M,6,205,1230,92,2,3,3,2,3,3,3,3,2,2,3,3,3,4,3,3,3,4,4,4,4,0,0,2,6,0,0,6,75,4,28,24,96,36,205
294,2176,M,PN368,B,N,C,6,461,4320,132,3,3,3,3,3,3,3,1,2,3,3,3,3,3,3,3,3,3,3,3,3,23,63,3,9,0,0,25,155,0,0,0,0,51,227
295,2175,M,PN368,B,N,C,6,461,4320,132,3,3,3,3,3,3,3,1,2,3,3,3,3,3,3,3,3,3,3,3,3,15,62,12,42,6,30,16,100,0,0,0,0,49,234
296,4794,M,PN369,B,N,M,8,149,1140,119,2,3,2,2,4,3,3,3,3,3,3,3,2,3,3,3,3,3,3,3,3,13,69,0,0,0,0,10,80,0,0,0,0,23,149
297,4956,M,PN370,B,N,C,9,336,4125,234,3,1,2,3,3,1,2,1,3,2,3,5,4,1,3,4,3,2,1,3,3,17,51,0,0,0,0,17,119,1,7,0,0,35,177
298,4955,M,PN370,B,N,C,9,336,4125,234,3,1,2,3,3,1,2,1,3,2,3,5,4,1,3,4,3,2,1,3,3,20,62,14,42,0,0,17,55,0,0,0,0,51,159
299,3894,I,PN371,B,N,M,15,667,3821,96,4,3,4,3,3,3,3,3,2,2,2,3,4,2,1,1,4,4,5,3,4,22,70,60,148,43,258,5,28,18,113,0,0,148,617
300,3904,I,PN372,P,N,I,26,1035,4713,55,5,4,4,3,3,4,4,4,3,3,2,2,5,3,3,3,4,5,1,3,4,39,207,54,151,15,91,0,0,43,397,0,0,151,846
301,3914,I,PN373,P,N,M,42,1056,8700,93,4,3,3,3,3,3,3,3,3,3,2,2,4,2,2,2,4,3,4,3,5,63,227,74,163,30,134,2,12,42,354,0,0,211,890
302,3924,I,PN374,P,N,M,31,1598,8095,72,4,3,4,3,3,3,3,3,3,3,2,2,5,3,3,2,3,4,5,3,4,82,409,97,282,21,148,0,0,46,529,0,0,246,1368
303,4314,I,PN375,A,P,A,19,1925,14074,158,3,4,2,2,3,2,3,4,2,3,2,2,2,2,2,4,3,2,2,3,4,228,1017,190,471,21,62,10,63,52,312,0,0,501,1925
304,4524,I,PN376,A,P,A,12,835,4042,78,4,4,4,3,3,2,4,4,4,4,2,2,5,3,1,3,2,3,2,4,4,69,255,97,363,0,0,0,0,37,217,0,0,203,835
305,4534,I,PN377,A,P,A,9,744,2042,43,4,4,4,4,3,4,4,5,5,4,3,3,3,3,3,2,4,2,4,4,3,46,182,115,506,0,0,0,0,10,56,0,0,171,744
306,4544,I,PN378,P,N,C,14,915,3100,0,4,4,4,4,3,4,4,5,5,4,3,3,3,3,3,2,4,2,4,4,3,68,241,74,339,15,77,0,0,37,258,0,0,194,915
307,4184,R,PN379,W,N,P,22,745,2613,379,4,3,4,3,3,5,2,1,1,1,2,3,1,1,3,1,2,1,1,3,2,82,165,18,36,46,144,26,88,28,172,16,52,216,657
308,4194,R,PN380,M,N,M,22,1005,7950,121,3,3,3,3,3,3,3,3,2,2,3,3,3,3,3,2,3,3,3,3,3,49,244,49,198,20,75,8,48,25,222,36,120,187,907
309,4204,R,PN381,M,N,M,30,969,9830,147,3,3,2,3,3,3,3,3,2,2,3,3,3,3,3,2,3,3,2,3,3,38,205,6,19,37,199,9,81,26,293,22,52,138,849
310,4214,R,PN382,M,N,M,26,917,6880,162,3,3,2,3,3,3,3,3,2,2,3,2,2,3,3,2,3,3,2,3,3,30,144,17,25,32,197,13,109,33,274,25,50,150,799
311,2324,S,PN383,I,N,N,38,1722,9470,119,4,2,2,3,3,3,3,2,4,3,3,3,3,3,3,3,3,3,2,3,4,102,356,102,476,66,334,21,119,72,411,3,26,366,1722
312,3194,S,PN384,I,N,M,42,2155,21123,140,4,2,3,3,3,3,3,3,3,3,2,2,2,3,3,2,3,2,3,3,3,78,371,61,193,64,431,18,165,56,599,35,116,312,1875
313,3974,S,PN385,I,N,M,32,1347,23000,268,3,2,3,3,3,3,3,3,2,2,2,2,2,4,2,2,2,2,1,3,1,18,96,26,123,36,210,13,83,59,578,0,0,152,1090
314,3984,S,PN386,I,N,M,38,983,17031,213,4,2,4,3,3,4,3,2,3,3,3,2,3,2,3,3,2,1,1,3,2,10,60,5,26,26,87,6,60,50,500,0,0,97,733
315,3994,S,PN387,I,N,M,35,1719,17200,367,3,2,3,3,3,3,3,3,2,2,2,1,1,4,1,2,1,1,1,3,1,74,290,33,110,36,170,27,249,60,600,0,0,230,1419
316,4004,S,PN388,I,N,M,34,1148,10850,218,3,3,2,3,3,3,2,3,1,1,4,2,4,4,3,2,2,2,2,3,1,112,270,7,32,18,74,2,4,53,515,0,0,192,895
317,4014,S,PN389,I,N,M,54,1049,18900,126,2,3,3,3,3,4,2,2,3,3,2,4,2,3,3,3,2,3,3,3,4,77,258,62,152,132,479,14,81,12,50,0,0,297,1020
318,4024,S,PN390,I,N,M,60,755,14568,164,5,4,2,3,3,5,2,3,3,3,2,3,3,2,4,3,2,1,2,3,2,31,142,26,130,33,174,10,85,20,154,0,0,120,685
319,4034,S,PN391,I,N,M,12,189,780,107,4,3,2,3,3,3,3,4,2,2,3,4,5,2,2,3,3,3,3,3,3,10,24,20,52,5,25,0,0,10,62,0,0,45,163
320,4054,S,PN392,I,N,M,33,1849,11788,128,2,4,3,3,3,3,3,3,3,3,3,2,4,3,3,4,2,1,2,3,3,129,592,171,434,0,0,2,14,59,548,0,0,361,1588
321,4064,S,PN393,I,N,M,31,1127,11500,130,3,2,4,3,3,4,3,3,2,2,3,1,3,3,4,5,2,3,2,3,2,46,194,30,96,0,0,6,50,64,532,2,8,148,880
322,4074,S,PN394,I,N,M,8,365,3020,73,2,3,3,3,3,3,3,3,2,2,5,3,5,4,5,5,3,1,2,3,4,13,37,16,43,19,96,1,2,17,119,6,16,72,313
323,4354,S,PN395,I,N,M,35,1894,24788,153,3,2,3,3,3,3,3,3,3,3,3,1,2,2,2,1,3,3,4,3,3,116,435,36,123,6,26,25,224,75,726,0,0,258,1534
324,4454,S,PN396,I,N,M,25,926,11750,77,5,3,4,3,3,3,4,3,3,3,3,3,3,3,3,3,4,3,3,2,3,24,200,16,67,20,100,20,198,31,246,36,115,147,926
325,4894,S,PN397,I,N,P,5,157,1920,86,4,3,2,2,3,1,4,4,4,4,4,4,5,2,5,5,2,2,1,1,3,10,69,6,18,4,24,1,2,6,28,16,16,43,157
326,1294,AC,PN398,M,N,N,5,695,3000,137,2,3,2,2,3,4,3,3,3,2,2,2,2,1,3,2,4,5,1,3,5,20,87,13,68,3,12,21,119,42,345,10,54,109,685
327,1304,AC,PN399,M,N,N,5,376,686,87,3,3,2,4,3,3,2,3,3,2,2,5,5,2,3,3,4,4,2,4,4,59,207,23,115,0,0,0,0,0,0,10,54,92,376
328,1424,AC,PN400,M,D,N,1,91,147,55,4,3,3,3,3,3,2,3,5,4,3,5,4,3,3,3,4,3,3,4,3,11,25,0,0,0,0,4,37,2,4,4,25,21,91
329,1484,AC,PN401,M,N,N,6,100,374,81,3,3,3,3,3,3,3,3,3,3,3,5,5,3,3,3,3,3,3,3,3,13,28,6,17,2,8,1,7,6,36,1,4,29,100
330,1494,AC,PN402,M,N,N,8,358,3064,144,3,3,3,3,3,3,3,2,3,3,2,2,5,1,3,3,3,3,2,3,3,3,24,12,64,0,0,0,0,45,270,0,0,60,358
331,1504,AC,PN403,M,N,N,5,147,362,114,3,3,3,3,3,2,2,2,3,3,3,4,5,3,3,3,3,3,2,3,3,35,69,7,13,2,16,0,0,10,49,0,0,54,147
332,1514,AC,PN404,M,N,N,5,80,144,81,3,3,3,3,3,3,3,3,3,3,3,5,5,3,3,3,3,3,3,3,3,12,36,1,1,0,0,0,0,6,43,0,0,19,80
333,1524,AC,PN405,M,N,N,19,351,1469,120,3,3,3,3,3,2,2,2,3,3,3,3,5,3,3,3,3,3,2,3,3,64,143,11,27,1,11,1,13,23,157,0,0,100,351
334,1534,AC,PN406,M,N,N,14,900,2791,126,3,3,3,3,3,2,2,2,3,3,3,2,5,3,3,3,3,3,2,3,3,130,339,63,123,41,107,1,13,56,318,0,0,291,900
335,1544,AC,PN407,M,N,N,29,345,4683,132,3,3,3,2,2,3,3,2,3,3,1,3,5,3,3,3,3,3,2,3,3,37,138,15,52,1,7,0,0,16,128,2,20,71,345
336,1554,AC,PN408,M,N,N,17,561,2409,120,3,3,3,3,3,2,2,2,3,3,3,3,5,3,3,3,3,3,2,3,3,41,182,37,163,1,7,0,0,24,195,2,14,105,561
337,1564,AC,PN409,M,N,N,10,54,445,89,3,3,3,3,3,3,3,3,3,3,1,5,5,3,3,3,3,3,3,3,3,3,9,16,30,1,5,0,0,2,10,0,0,22,54
338,1574,AC,PN410,M,N,N,6,71,207,89,3,3,3,3,3,3,3,3,3,3,3,5,5,3,3,3,3,3,2,3,3,0,0,12,22,11,49,0,0,0,0,0,0,23,71
339,1584,AC,PN411,M,N,N,11,231,750,94,3,3,3,3,3,3,3,3,3,3,3,4,5,3,3,3,3,3,2,3,3,18,81,13,49,0,0,0,0,11,101,0,0,42,231
340,1594,AC,PN412,M,N,N,36,602,4202,114,3,3,3,3,2,3,3,2,3,3,3,3,5,3,3,3,3,3,2,3,3,44,191,22,85,0,0,0,0,19,149,168,177,253,602
341,1604,AC,PN413,M,N,N,32,459,3876,120,3,3,3,3,2,3,3,2,3,3,3,2,5,3,3,3,3,3,2,3,3,5,25,19,77,7,39,0,0,36,257,16,61,83,459
342,1614,AC,PN414,M,N,N,12,82,465,89,3,3,3,3,3,3,3,3,3,3,3,5,5,3,3,3,3,3,2,3,3,0,0,13,27,13,55,0,0,0,0,0,0,26,82
343,1624,AC,PN415,M,N,N,15,636,2207,99,3,3,3,3,3,3,3,3,3,3,3,3,5,3,3,3,3,3,2,3,3,98,333,41,123,0,0,0,0,25,180,0,0,164,636
344,1634,AC,PN416,M,N,N,4,27,55,81,3,3,3,3,3,3,3,3,3,3,3,5,5,3,3,3,3,3,3,3,3,3,12,1,3,0,0,0,0,2,12,0,0,6,27
345,1644,AC,PN417,M,N,N,9,229,340,90,3,3,3,3,3,3,3,3,3,3,3,3,5,3,3,3,3,3,3,3,3,27,87,10,26,4,16,0,0,16,100,0,0,57,229
346,2694,AC,PN418,A,P,A,6,157,426,114,4,3,2,3,2,3,4,4,3,3,3,3,3,3,3,3,2,2,3,3,3,8,17,37,63,7,14,0,0,2,18,41,45,95,157
347,3024,AC,PN419,M,N,N,18,1292,2141,60,4,5,5,3,3,3,2,3,2,2,2,2,5,3,2,4,3,4,4,4,4,60,224,120,386,61,317,2,20,53,327,18,18,314,1292
348,4384,AC,PN420,M,P,N,3,65,398,85,3,3,4,3,3,3,3,3,3,3,3,3,5,3,3,3,3,3,3,3,3,6,21,6,15,1,11,0,0,2,17,1,1,16,65
349,4414,AC,PN421,A,N,A,13,863,4280,168,3,2,2,4,2,2,2,3,3,3,3,3,4,4,3,3,3,2,2,2,2,49,178,202,402,14,75,3,11,29,172,19,25,316,863
350,4574,AC,PN422,M,D,N,8,182,1233,48,5,2,3,3,3,3,4,4,3,4,3,5,3,3,3,4,4,4,4,4,3,12,24,1,4,10,28,8,49,3,17,17,57,51,179
351,1474,Y,PN423,I,O,M,3,107,441,64,2,3,1,4,3,3,4,4,3,3,4,4,5,4,1,3,2,5,5,3,3,2,7,8,16,3,8,0,0,26,74,2,2,41,107
352,2234,Y,PN424,I,N,M,6,316,1392,94,3,2,3,3,3,3,3,3,3,3,3,5,4,3,3,3,3,3,3,3,3,21,150,9,50,2,8,5,40,5,53,0,0,42,301
353,2244,Y,PN425,I,N,M,4,214,1665,109,3,3,3,1,3,3,3,3,2,3,3,5,3,3,3,3,3,3,3,3,3,15,73,9,34,1,11,10,47,6,46,0,0,41,211
354,2255,Y,PN426,I,O,A,3,636,1470,121,3,3,3,3,3,3,3,3,3,3,3,1,1,3,3,3,3,3,3,3,3,45,165,8,36,2,8,26,162,10,64,0,0,91,435
355,2256,Y,PN426,I,O,A,3,636,1470,121,3,3,3,3,3,3,3,3,3,3,3,1,1,3,3,3,3,3,3,3,3,65,173,10,10,0,0,2,14,0,0,2,2,79,199
356,2264,Y,PN427,I,N,C,4,767,8425,95,4,4,3,3,2,3,3,4,2,2,1,3,1,4,2,2,4,4,2,5,4,79,326,16,43,0,0,34,251,21,120,6,24,156,764
357,2275,Y,PN428,I,N,C,3,215,1503,154,3,3,2,2,1,3,3,3,3,3,3,2,2,3,3,3,3,2,3,3,3,0,0,1,6,0,0,5,27,0,0,0,0,6,33
358,2276,Y,PN428,I,N,C,3,215,1503,154,3,3,2,2,1,3,3,3,3,3,3,2,2,3,3,3,3,2,3,3,3,0,0,2,20,10,53,23,109,0,0,0,0,35,182
359,2284,Y,PN429,I,N,C,15,581,3563,212,4,1,4,4,1,2,3,1,3,2,1,1,2,2,1,2,4,4,1,4,4,73,153,29,87,9,31,56,156,25,144,8,10,200,581
360,2634,Y,PN430,I,N,M,4,110,1105,89,3,3,2,3,2,3,3,3,4,3,3,3,3,3,3,3,3,4,3,4,3,7,23,16,54,2,9,2,10,2,14,0,0,29,110
361,2644,Y,PN431,I,N,M,10,144,1544,148,4,3,3,1,2,4,3,3,1,3,2,3,3,3,3,3,3,2,3,3,3,18,84,5,15,4,20,1,13,2,12,0,0,30,144
362,2744,Y,PN432,I,O,M,2,140,698,112,2,3,2,3,3,3,2,3,2,3,3,3,3,3,3,3,3,4,4,3,4,6,6,17,64,0,0,5,10,9,55,2,5,39,140
363,2754,Y,PN433,I,N,M,3,149,375,95,4,3,3,3,2,3,3,3,3,3,3,3,3,4,3,3,3,3,3,3,3,15,55,0,0,1,2,10,78,0,0,6,14,32,149
364,2764,Y,PN434,I,N,M,4,50,199,56,4,4,4,3,3,3,3,4,5,4,3,3,3,3,3,3,3,3,3,3,4,2,5,4,18,4,14,1,13,0,0,0,0,11,50
365,2774,Y,PN435,I,N,M,4,206,2300,81,3,2,4,3,3,3,3,3,3,3,3,3,4,3,3,3,3,4,4,4,3,14,60,0,0,4,22,11,116,0,0,2,8,31,206
366,2784,Y,PN436,I,N,M,5,98,1187,52,2,3,3,4,2,3,4,3,4,4,4,3,4,3,4,4,4,3,4,3,3,5,5,18,93,0,0,0,0,0,0,0,0,23,98
367,2795,Y,PN437,I,N,C,2,208,740,84,3,3,3,3,2,2,3,3,3,3,4,3,4,4,4,4,3,3,2,3,3,2,8,0,0,0,0,2,20,0,0,0,0,4,28
368,2796,Y,PN437,I,N,C,2,208,740,84,3,3,3,3,2,2,3,3,3,3,4,3,4,4,4,4,3,3,2,3,3,8,32,0,0,0,0,8,80,0,0,0,0,16,112
369,2797,Y,PN437,I,N,C,2,208,740,84,3,3,3,3,2,2,3,3,3,3,4,3,4,4,4,4,3,3,2,3,3,4,16,4,12,0,0,4,40,0,0,0,0,12,68
370,2804,Y,PN438,I,N,M,7,132,1490,120,4,3,2,3,3,3,3,3,2,3,2,3,4,3,3,3,3,2,3,4,3,0,0,8,12,11,29,4,30,0,0,23,61,46,132
371,2814,Y,PN439,I,N,M,3,120,678,160,3,1,3,3,2,3,3,3,3,3,3,3,2,2,3,3,2,3,3,3,3,14,38,7,19,1,2,6,36,4,21,2,4,34,120
372,2844,Y,PN440,I,N,M,3,179,555,100,3,3,3,3,3,3,3,3,3,3,3,3,3,3,3,3,3,3,3,3,3,13,30,0,0,1,2,0,0,20,147,0,0,34,179
373,2864,Y,PN441,I,N,M,3,127,784,86,3,2,4,2,3,4,4,4,3,2,3,4,3,3,3,3,3,3,3,3,4,16,47,20,64,0,0,2,14,1,2,0,0,39,127
374,3164,Y,PN442,I,N,M,8,386,4860,116,3,3,3,3,3,3,3,3,3,3,3,3,2,3,3,3,3,2,3,3,3,38,72,30,109,6,29,15,95,13,50,0,0,102,355
375,3174,Y,PN443,I,N,N,6,96,1071,60,3,3,4,3,3,5,3,3,3,3,4,4,4,3,4,5,3,3,1,3,5,5,20,12,21,2,10,2,10,7,20,1,1,29,82
376,3184,Y,PN444,I,N,C,12,725,2918,64,3,3,4,3,3,5,4,3,4,4,4,3,2,2,2,3,4,4,2,3,5,58,234,69,100,0,0,23,170,23,153,1,3,174,660
377,4084,Y,PN445,I,N,M,28,1131,10077,83,4,3,4,3,3,3,3,3,3,3,3,2,4,2,3,3,3,5,2,3,4,47,183,19,84,21,154,4,16,47,467,4,4,142,908
378,4094,Y,PN446,I,N,M,6,384,6113,94,3,4,4,3,3,4,2,3,3,3,4,4,3,3,4,2,3,1,3,3,3,22,102,12,77,12,73,7,52,10,53,2,2,65,359
379,4104,Y,PN447,I,N,M,7,123,3150,147,3,3,3,3,3,4,2,3,1,1,3,5,5,4,3,4,1,1,3,3,2,7,36,4,4,4,29,1,2,6,36,0,0,22,107
380,4114,Y,PN448,I,N,M,8,269,3284,90,3,4,2,3,3,3,2,3,3,3,2,4,5,4,3,5,3,1,3,3,3,2,4,9,44,27,122,0,0,12,32,13,42,63,244
381,4124,Y,PN449,I,N,M,39,3375,41643,177,3,3,4,3,3,3,3,3,2,2,2,1,2,4,3,2,2,3,2,3,2,179,1295,92,557,47,321,19,151,70,688,7,27,414,3039
382,4504,Y,PN450,I,M,A,9,712,6460,173,2,3,2,2,3,3,3,3,3,3,1,3,3,2,3,3,3,1,3,3,3,37,370,0,0,0,0,1,10,0,0,75,332,113,712
383,4514,Y,PN451,I,N,C,5,216,3546,219,2,2,2,1,3,3,3,3,3,3,1,3,3,2,3,3,3,1,2,3,3,1,10,0,0,1,7,0,0,0,0,61,199,63,216
384,4554,Y,PN452,I,N,C,10,293,2888,147,2,2,2,3,2,3,3,2,4,4,2,1,3,3,2,2,3,4,3,1,4,5,17,0,0,30,213,8,63,0,0,0,0,43,293
385,4624,Y,PN453,I,N,M,6,442,3772,181,2,3,2,2,1,2,3,3,3,3,3,3,3,3,3,3,3,1,2,3,3,16,83,0,0,4,38,12,86,29,235,0,0,61,442
386,4774,Y,PN454,I,O,M,2,279,1305,78,3,3,4,3,2,3,3,3,4,3,3,3,3,3,4,3,5,2,2,4,3,3,24,0,0,2,10,5,32,23,127,17,86,50,279
387,4784,Y,PN455,I,D,M,2,284,1421,114,3,3,3,3,2,3,3,3,3,3,3,3,2,3,3,3,4,2,2,4,3,43,136,12,32,0,0,29,58,21,53,2,5,107,284
388,4865,Y,PN456,I,D,M,5,404,1035,110,3,3,3,3,3,3,3,3,3,3,3,3,3,3,3,3,3,2,3,3,3,1,3,0,0,0,0,0,0,0,0,1,1,2,4
389,4866,Y,PN456,I,D,M,5,404,1035,110,3,3,3,3,3,3,3,3,3,3,3,3,3,3,3,3,3,2,3,3,3,116,172,48,48,57,114,8,16,2,10,40,40,271,400
390,4224,AA,PN457,W,N,P,5,138,350,51,3,3,5,3,3,3,3,3,4,4,4,5,5,2,3,4,4,1,3,3,4,10,34,1,3,12,30,1,5,6,34,11,16,41,122
391,4234,AA,PN458,W,N,M,22,550,4300,76,3,3,4,3,3,3,3,3,2,2,3,2,4,3,3,4,4,4,3,3,4,27,100,10,50,14,31,2,20,33,240,1,6,87,447
392,4244,AA,PN459,M,N,N,4,291,887,147,4,2,2,3,3,4,3,4,2,2,3,4,4,2,3,3,2,3,2,3,3,20,77,24,39,8,40,3,21,12,80,0,0,67,257
393,3354,AD,PN460,M,N,C,4,406,565,92,2,3,3,3,3,3,3,3,2,2,3,3,5,3,3,3,3,4,4,3,3,22,74,28,84,1,7,1,7,23,162,0,0,75,334
394,3364,AD,PN461,M,N,C,25,2876,3450,108,4,3,3,3,3,3,3,3,2,2,2,1,5,3,3,3,3,3,4,3,3,150,824,133,474,23,191,1,13,125,915,13,62,445,2479
395,3374,AD,PN462,M,N,C,31,2531,4700,114,4,3,3,3,3,3,3,3,2,2,2,1,4,3,3,3,3,3,4,3,3,215,979,124,265,46,328,3,30,73,604,12,59,473,2265
396,3384,AD,PN463,M,N,C,3,521,386,58,1,3,3,3,3,3,3,3,5,5,3,3,3,3,3,3,4,4,4,3,3,39,87,37,97,10,64,9,28,24,162,2,6,121,444
397,3394,AD,PN464,M,N,C,3,169,399,144,1,3,3,3,3,3,3,3,3,3,3,4,3,3,3,3,1,3,1,3,3,20,31,25,59,4,17,6,12,8,27,0,0,63,146
398,1654,Z,PN465,M,N,P,14,1617,3059,102,3,3,4,3,2,3,3,2,3,3,2,2,3,3,3,4,3,4,2,4,3,129,448,92,373,21,148,8,52,54,412,0,0,304,1433
399,1964,Z,PN466,I,N,N,14,376,1740,97,3,3,4,3,3,4,3,4,4,4,4,3,4,3,3,3,2,2,1,3,2,35,114,67,73,8,40,4,28,13,85,0,0,127,340
400,2144,Z,PN467,I,N,M,31,2563,31410,152,3,4,3,3,3,3,3,4,2,2,2,2,1,2,2,2,3,2,4,3,3,99,459,89,308,181,671,33,280,59,539,26,49,487,2306
401,2964,Z,PN468,M,N,P,0,733,1887,62,3,4,4,3,3,3,4,4,2,2,4,2,5,3,3,3,4,3,4,3,4,93,166,39,49,26,129,0,0,43,275,0,0,201,619
402,2974,Z,PN469,W,N,I,12,951,1712,66,3,3,3,3,3,3,4,4,3,3,3,2,4,3,3,3,4,3,4,3,5,75,298,55,208,4,28,5,33,34,251,2,20,175,838
403,3134,Z,PN470,I,N,C,14,546,1979,143,4,4,3,3,3,3,3,3,1,1,2,3,2,3,3,4,3,2,2,3,3,18,72,3,11,9,65,11,36,27,200,12,66,80,450
404,3144,Z,PN471,I,N,N,9,200,519,75,3,3,2,3,3,4,1,3,5,5,4,3,5,3,3,3,3,3,2,3,3,13,46,19,47,4,28,0,0,14,45,3,3,53,169
405,3154,Z,PN472,I,N,C,11,586,2104,56,5,4,3,3,3,3,3,3,3,3,3,3,1,3,5,4,4,4,4,3,4,17,67,9,42,8,47,29,191,22,153,15,18,100,518
406,4664,Z,PN473,I,N,M,8,710,2488,83,4,4,3,3,3,3,3,3,3,3,4,3,4,3,3,4,3,3,1,3,3,64,275,65,160,1,5,5,10,17,170,0,0,152,620
407,4904,Z,PN474,I,N,M,35,2232,16518,114,3,4,3,3,3,3,3,4,2,2,2,1,4,3,3,2,3,3,3,3,3,102,816,89,386,38,134,7,47,48,483,28,130,312,1996
